{"cameraMode":{"drawMode":0,"name":"Shaded","section":"Shading Mode"},"sceneLighting":true,"audioPlay":false,"sceneViewState":{"m_AlwaysRefresh":false,"showFog":true,"showSkybox":true,"showFlares":true,"showImageEffects":true,"showParticleSystems":true,"showVisualEffectGraphs":true,"m_FxEnabled":true},"in2DMode":false,"pivot":{"x":-13.573970794677735,"y":14.5079345703125,"z":51.716590881347659},"rotation":{"x":-0.23852835595607758,"y":0.22197408974170686,"z":-0.056100837886333469,"w":-0.9437693953514099},"size":10.282144546508789,"orthographic":false}