{"cameraMode":{"drawMode":0,"name":"Shaded","section":"Shading Mode"},"sceneLighting":true,"audioPlay":false,"sceneViewState":{"m_AlwaysRefresh":false,"showFog":true,"showSkybox":true,"showFlares":true,"showImageEffects":true,"showParticleSystems":true,"showVisualEffectGraphs":true,"m_FxEnabled":true},"in2DMode":false,"pivot":{"x":1.0965787172317505,"y":11.679112434387207,"z":-13.471779823303223},"rotation":{"x":-0.326704204082489,"y":-0.05043969303369522,"z":0.01746353693306446,"w":-0.9436129927635193},"size":28.152963638305665,"orthographic":false}